image_name,type,cellprob_threshold,channel_axis,channel_nuclei,channel_segment,diameter,do_3D,flow_threshold,interp,invert,max_size_fraction,min_size,model_name,niter,norm3D,normalize,percentile_max,percentile_min,sharpen_radius,smooth_radius,stitch_threshold,tile_norm_blocksize,tile_norm_smooth3D,tile_overlap,duration,are,precision,recall,f1,jaccard,jaccard_cellpose
20240305_P013T_B005_cropped_isotropic,Nuclei,5,,0,0,30.0,True,0.5,False,False,0.5,15,cyto3,100,False,False,99.0,0.0,0,1.0,0.75,0,1,0.0,2771.058141708374,0.9034140556456199,0.08369780598963225,0.11416564860498479,0.09658594435438009,0.027463691036197488,0.0008431925760811394
P013T_60xOil_Hoechst_SiRActin_C_004_cropped_isotropic,Nuclei,5,,0,0,30.0,True,0.5,False,False,0.5,15,cyto3,100,False,False,99.0,0.0,0,1.0,0.75,0,1,0.0,53966.551809072495,0.8899809877535588,0.05878420730728424,0.8566744900155245,0.11001901224644117,0.14835812657822017,0.0020976783964287435
20240305_P013T_A001a_cropped_isotropic,Nuclei,5,,0,0,30.0,True,0.5,False,False,0.5,15,cyto3,100,False,False,99.0,0.0,0,1.0,0.75,0,1,0.0,454.9418103694916,0.7422660751066046,0.15300563908269213,0.8168373205845382,0.2577339248933954,0.2422851041914644,0.026349384081554007
20240305_P013T_A005_cropped_isotropic,Nuclei,5,,0,0,30.0,True,0.5,False,False,0.5,15,cyto3,100,False,False,99.0,0.0,0,1.0,0.75,0,1,0.0,204.16907954216003,0.6086018887977811,0.2452084201525645,0.9692521138990595,0.39139811120221896,0.3375926113993985,0.011246448303637108
