{
    "model_name": "cpsam",
    "diameter": 33.99444763362083,
    "channel_to_segment": null,
    "invert": true,
    "normalize": true,
    "norm3D": false,
    "percentile_min": 5.931570941359325,
    "percentile_max": 79.12595418303727,
    "sharpen_radius": 0.9462677346964881,
    "smooth_radius": 0.41207991823921963,
    "do_3D": false,
    "flow_threshold": 0.7252269337981263,
    "cellprob_threshold": 1.6753359946858895,
    "min_size": 18,
    "max_size_fraction": 1.9249896779756723,
    "niter": 186,
    "tile": true,
    "tile_overlap": 0.1,
    "stitch_threshold": 0.0,
    "tile_norm_blocksize": 0,
    "tile_norm_smooth3D": 0,
    "channel_axis": 2,
    "z_axis": null
}