{
    "model_name": "cpsam",
    "diameter": null,
    "channel_to_segment": 0,
    "invert": false,
    "normalize": true,
    "norm3D": true,
    "percentile_min": 0.07487943744865744,
    "percentile_max": 0.9857297301554203,
    "sharpen_radius": 1.5576964700865852,
    "smooth_radius": 4.485406887072704,
    "do_3D": true,
    "flow_threshold": 0.5609005677969824,
    "cellprob_threshold": 2.7962757524432114,
    "min_size": 10059,
    "max_size_fraction": 0.5,
    "niter": 100,
    "tile": true,
    "tile_overlap": 0.1,
    "stitch_threshold": 0.9912448165064289,
    "tile_norm_blocksize": 0,
    "tile_norm_smooth3D": 1,
    "channel_axis": 1,
    "z_axis": 0
}