{
    "model_name": "cpsam",
    "diameter": null,
    "channel_to_segment": 0,
    "invert": false,
    "normalize": true,
    "norm3D": true,
    "percentile_min": 0.02022623851013747,
    "percentile_max": 0.9744739959466898,
    "sharpen_radius": 2.795481118260409,
    "smooth_radius": 4.50432924212245,
    "do_3D": true,
    "flow_threshold": 0.5562674335682174,
    "cellprob_threshold": 6.420754311784262,
    "min_size": 18607,
    "max_size_fraction": 0.5,
    "niter": 100,
    "tile": true,
    "tile_overlap": 0.1,
    "stitch_threshold": 0.6762727886868058,
    "tile_norm_blocksize": 0,
    "tile_norm_smooth3D": 1,
    "channel_axis": 1,
    "z_axis": 0
}