{
    "model_name": "cpsam",
    "diameter": null,
    "channel_to_segment": 0,
    "invert": false,
    "normalize": true,
    "norm3D": true,
    "percentile_min": 0.08049794288001477,
    "percentile_max": 0.9548973001360619,
    "sharpen_radius": 0.18082171451248408,
    "smooth_radius": 4.630519838441763,
    "do_3D": true,
    "flow_threshold": 0.3951311015891335,
    "cellprob_threshold": 6.960538414960252,
    "min_size": 10122,
    "max_size_fraction": 0.5,
    "niter": 100,
    "tile": true,
    "tile_overlap": 0.1,
    "stitch_threshold": 0.6953080052400019,
    "tile_norm_blocksize": 0,
    "tile_norm_smooth3D": 1,
    "channel_axis": 1,
    "z_axis": 0
}