{
    "model_name": "cpsam",
    "diameter": 15.4819066503063,
    "invert": true,
    "normalize": true,
    "norm3D": false,
    "percentile_min": 0.4600352373054374,
    "percentile_max": 90.4593018314449,
    "sharpen_radius": 1.165155319567879,
    "smooth_radius": 1.5029118216578563,
    "do_3D": false,
    "flow_threshold": 0.4163426317179897,
    "cellprob_threshold": 0.7069147668130625,
    "min_size": 16,
    "niter": 133,
    "tile": true,
    "tile_overlap": 0.1,
    "stitch_threshold": 0.0,
    "tile_norm_blocksize": 0,
    "tile_norm_smooth3D": 0,
    "max_size_fraction": 2.587711645933444,
    "channel_axis": 2,
    "z_axis": null
}